<?xml version="1.0"?>
<!--
   Licensed to the Apache Software Foundation (ASF) under one or more
   contributor license agreements.  See the NOTICE file distributed with
   this work for additional information regarding copyright ownership.
   The ASF licenses this file to You under the Apache License, Version 2.0
   (the "License"); you may not use this file except in compliance with
   the License.  You may obtain a copy of the License at

       http://www.apache.org/licenses/LICENSE-2.0

   Unless required by applicable law or agreed to in writing, software
   distributed under the License is distributed on an "AS IS" BASIS,
   WITHOUT WARRANTIES OR CONDITIONS OF ANY KIND, either express or implied.
   See the License for the specific language governing permissions and
   limitations under the License.
-->
<?xml-stylesheet type="text/xsl"  href="configuration.xsl"?>

<!-- Put site-specific property overrides in this file. -->

<configuration>

  <property>
    <name>chukwaCollector.writerClass</name>
    <value>org.apache.hadoop.chukwa.datacollection.writer.PipelineStageWriter</value>
  </property>

  <property>
    <name>chukwaCollector.pipeline</name>
    <value>org.apache.hadoop.chukwa.datacollection.writer.SocketTeeWriter,org.apache.hadoop.chukwa.datacollection.writer.SeqFileWriter</value>
  </property>

<!-- LocalWriter parameters
  <property>
    <name>chukwaCollector.localOutputDir</name>
    <value>/tmp/chukwa/dataSink/</value>
    <description>Chukwa local data sink directory, see LocalWriter.java</description>
  </property>

  <property>
    <name>chukwaCollector.writerClass</name>
    <value>org.apache.hadoop.chukwa.datacollection.writer.localfs.LocalWriter</value>
    <description>Local chukwa writer, see LocalWriter.java</description>
  </property>
-->



  <property>
    <name>writer.hdfs.filesystem</name>
    <value>hdfs://localhost:9000/</value>
    <description>HDFS to dump to</description>
  </property>
  
  <property>
    <name>chukwaCollector.outputDir</name>
    <value>/chukwa/logs/</value>
    <description>Chukwa data sink directory</description>
  </property>

  <property>
    <name>chukwaCollector.rotateInterval</name>
    <value>300000</value>
    <description>Chukwa rotate interval (ms)</description>
  </property>

  <property>
    <name>chukwaCollector.http.port</name>
    <value>8080</value>
    <description>The HTTP port number the collector will listen on</description>
  </property>

</configuration>
